-- phpMyAdmin SQL Dump
-- version 4.2.10
-- http://www.phpmyadmin.net
--
-- Host: localhost:3306
-- Generation Time: Jan 30, 2015 at 10:37 PM
-- Server version: 5.5.38
-- PHP Version: 5.6.1

SET SQL_MODE = "NO_AUTO_VALUE_ON_ZERO";
SET time_zone = "+00:00";


/*!40101 SET @OLD_CHARACTER_SET_CLIENT=@@CHARACTER_SET_CLIENT */;
/*!40101 SET @OLD_CHARACTER_SET_RESULTS=@@CHARACTER_SET_RESULTS */;
/*!40101 SET @OLD_COLLATION_CONNECTION=@@COLLATION_CONNECTION */;
/*!40101 SET NAMES utf8 */;

--
-- Database: `QiLiga`
--
CREATE DATABASE IF NOT EXISTS `QiLiga` DEFAULT CHARACTER SET latin1 COLLATE latin1_swedish_ci;
USE `QiLiga`;

-- --------------------------------------------------------

--
-- Table structure for table `gamifications`
--

CREATE TABLE `gamifications` (
`idGame` int(11) NOT NULL,
  `idUsuario` int(11) NOT NULL,
  `latitude` varchar(20) NOT NULL,
  `longitude` varchar(20) NOT NULL
) ENGINE=InnoDB AUTO_INCREMENT=349 DEFAULT CHARSET=latin1;

--
-- Dumping data for table `gamifications`
--

INSERT INTO `gamifications` (`idGame`, `idUsuario`, `latitude`, `longitude`) VALUES
(144, 1, '-3.042626063464728', '-59.98364266008139'),
(145, 1, '-3.0418011073359965', '-59.98363126069307'),
(146, 1, '-3.0418011073359965', '-59.98363126069307'),
(147, 1, '-3.042626063464728', '-59.98364266008139'),
(148, 1, '-3.042360229456469', '-59.98361952602864'),
(149, 1, '-3.042626063464728', '-59.98364266008139'),
(150, 1, '-3.042626063464728', '-59.98364266008139'),
(151, 1, '-3.0418011073359965', '-59.98363126069307'),
(152, 1, '-3.042626063464728', '-59.98364266008139'),
(153, 1, '-3.0418011073359965', '-59.98363126069307'),
(154, 1, '-3.0418011073359965', '-59.98363126069307'),
(155, 1, '-3.0418011073359965', '-59.98363126069307'),
(156, 1, '-3.0418011073359965', '-59.98363126069307'),
(157, 1, '-3.0418011073359965', '-59.98363126069307'),
(158, 1, '-3.0418011073359965', '-59.98363126069307'),
(159, 1, '-3.0415741103684066', '-59.98359303921462'),
(160, 1, '-3.0415741103684066', '-59.98359303921462'),
(161, 1, '-3.0418011073359965', '-59.98363126069307'),
(162, 1, '-3.0418011073359965', '-59.98363126069307'),
(163, 1, '-3.0418011073359965', '-59.98363126069307'),
(164, 1, '-3.0415741103684066', '-59.98359303921462'),
(165, 1, '-3.0418011073359965', '-59.98363126069307'),
(166, 1, '-3.0418011073359965', '-59.98363126069307'),
(167, 1, '-3.042626063464728', '-59.98364266008139'),
(168, 1, '-3.0418011073359965', '-59.98363126069307'),
(169, 1, '-3.0418011073359965', '-59.98363126069307'),
(170, 1, '-3.0418011073359965', '-59.98363126069307'),
(171, 1, '-3.0418011073359965', '-59.98363126069307'),
(172, 1, '-3.0418011073359965', '-59.98363126069307'),
(173, 1, '-3.0418011073359965', '-59.98363126069307'),
(174, 1, '-3.0415741103684066', '-59.98359303921462'),
(175, 1, '-3.0418011073359965', '-59.98363126069307'),
(176, 1, '-3.0418011073359965', '-59.98363126069307'),
(177, 1, '-3.0418011073359965', '-59.98363126069307'),
(178, 1, '-3.0418011073359965', '-59.98363126069307'),
(179, 1, '-3.0418011073359965', '-59.98363126069307'),
(180, 1, '-3.0418011073359965', '-59.98363126069307'),
(181, 1, '-3.0418011073359965', '-59.98363126069307'),
(182, 1, '-3.0418011073359965', '-59.98363126069307'),
(183, 1, '-3.0418011073359965', '-59.98363126069307'),
(184, 1, '-3.0415741103684066', '-59.98359303921462'),
(185, 1, '-3.0415741103684066', '-59.98359303921462'),
(186, 1, '-3.0415741103684066', '-59.98359303921462'),
(187, 1, '-3.0415741103684066', '-59.98359303921462'),
(188, 1, '-3.0415741103684066', '-59.98359303921462'),
(189, 1, '-3.0415741103684066', '-59.98359303921462'),
(190, 1, '-3.0415741103684066', '-59.98359303921462'),
(191, 1, '-3.0415741103684066', '-59.98359303921462'),
(192, 1, '-3.0415741103684066', '-59.98359303921462'),
(193, 1, '-3.0415741103684066', '-59.98359303921462'),
(194, 1, '-3.0415741103684066', '-59.98359303921462'),
(195, 1, '-3.0415741103684066', '-59.98359303921462'),
(196, 1, '-3.042360229456469', '-59.98361952602864'),
(197, 1, '-3.042626063464728', '-59.98364266008139'),
(198, 1, '-3.0415741103684066', '-59.98359303921462'),
(199, 1, '-3.0415741103684066', '-59.98359303921462'),
(200, 1, '-3.0415741103684066', '-59.98359303921462'),
(201, 1, '-3.0415741103684066', '-59.98359303921462'),
(202, 1, '-3.0415741103684066', '-59.98359303921462'),
(203, 1, '-3.0415741103684066', '-59.98359303921462'),
(204, 1, '-3.0415741103684066', '-59.98359303921462'),
(205, 1, '-3.0415741103684066', '-59.98359303921462'),
(206, 1, '-3.0415741103684066', '-59.98359303921462'),
(207, 1234, '-3.0422649795786', '-59.98380632391749'),
(208, 1234, '-3.0424429357179013', '-59.98333971056753'),
(209, 1234, '-3.0421030521392822', '-59.983619689941406'),
(210, 1234, '-3.0418009757995605', '-59.9836311340332'),
(211, 1234, '-3.0423600673675537', '-59.983619689941406'),
(212, 1234, '-3.0422575305451858', '-59.98398720749204'),
(213, 1234, '-3.0422323641141604', '-59.983826430689554'),
(214, 1234, '-3.042625904083252', '-59.983642578125'),
(215, 1234, '-3.041574001312256', '-59.98359298706055'),
(216, 3, '-3.0421030521392822', '-59.983619689941406'),
(217, 3, '-3.042625904083252', '-59.983642578125'),
(218, 3, '-3.0418009757995605', '-59.9836311340332'),
(219, 0, '', ''),
(220, 0, '', ''),
(221, 0, '', ''),
(222, 0, '', ''),
(223, 3, '-3.0421030521392822', '-59.983619689941406'),
(224, 3, '-3.0421030521392822', '-59.983619689941406'),
(225, 3, '-3.042625904083252', '-59.983642578125'),
(226, 3, '-3.0418009757995605', '-59.9836311340332'),
(227, 3, '-3.042625904083252', '-59.983642578125'),
(228, 3, '-3.0421030521392822', '-59.983619689941406'),
(229, 3, '-3.0418009757995605', '-59.9836311340332'),
(230, 3, '-3.042625904083252', '-59.983642578125'),
(231, 3, '-3.042625904083252', '-59.983642578125'),
(232, 3, '-3.0418009757995605', '-59.9836311340332'),
(233, 3, '-3.0421030521392822', '-59.983619689941406'),
(234, 3, '-3.041574001312256', '-59.98359298706055'),
(235, 3, '-3.0421030521392822', '-59.983619689941406'),
(236, 3, '-3.0421030521392822', '-59.983619689941406'),
(237, 3, '-3.0421030521392822', '-59.983619689941406'),
(238, 3, '-3.0418009757995605', '-59.9836311340332'),
(239, 3, '-3.042625904083252', '-59.983642578125'),
(240, 3, '-3.042625904083252', '-59.983642578125'),
(241, 3, '-3.0418009757995605', '-59.9836311340332'),
(242, 3, '-3.041574001312256', '-59.98359298706055'),
(243, 3, '-3.041574001312256', '-59.98359298706055'),
(244, 3, '-3.0418009757995605', '-59.9836311340332'),
(245, 3, '-3.042625904083252', '-59.983642578125'),
(246, 3, '-3.0423600673675537', '-59.983619689941406'),
(247, 3, '-3.0423600673675537', '-59.983619689941406'),
(248, 3, '-3.041574001312256', '-59.98359298706055'),
(249, 3, '-3.0423600673675537', '-59.983619689941406'),
(250, 3, '-3.041574001312256', '-59.98359298706055'),
(251, 3, '-3.0423600673675537', '-59.983619689941406'),
(252, 3, '-3.0423600673675537', '-59.983619689941406'),
(253, 3, '41.88783596827634', '-87.62050107121468'),
(254, 3, '-3.0424459391690717', '-59.983621537685394'),
(255, 3, '-3.0421295166015625', '-59.983665466308594'),
(256, 3, '-3.0424458980560303', '-59.983619689941406'),
(257, 3, '-3.0422041416168213', '-59.983619689941406'),
(258, 3, '-3.042116165161133', '-59.983612060546875'),
(259, 3, '-3.041928768157959', '-59.9836540222168'),
(260, 3, '-3.0417706966400146', '-59.98360824584961'),
(261, 3, '-3.0415921211242676', '-59.983646392822266'),
(262, 3, '-3.0416789054870605', '-59.983642578125'),
(263, 3, '-3.0414860248565674', '-59.98360824584961'),
(264, 3, '-3.0416600704193115', '-59.983619689941406'),
(265, 3, '-3.041869640350342', '-59.98361587524414'),
(266, 3, '-3.042015790939331', '-59.98361587524414'),
(267, 3, '-3.0420308113098145', '-59.9836540222168'),
(268, 3, '-3.042229413986206', '-59.98365783691406'),
(269, 3, '-3.0423877239227295', '-59.98362731933594'),
(270, 3, '-3.0424506664276123', '-59.98365783691406'),
(271, 3, '-3.0414860248565674', '-59.98360824584961'),
(272, 3, '-3.0415921211242676', '-59.983646392822266'),
(273, 3, '-3.0417706966400146', '-59.98360824584961'),
(274, 3, '-3.041869640350342', '-59.98361587524414'),
(275, 3, '-3.041928768157959', '-59.9836540222168'),
(276, 3, '-3.0421295166015625', '-59.983665466308594'),
(277, 3, '-3.0423150062561035', '-59.98366165161133'),
(278, 3, '-3.0424506664276123', '-59.98365783691406'),
(279, 3, '-3.042229413986206', '-59.98365783691406'),
(280, 3, '-3.0424458980560303', '-59.983619689941406'),
(281, 3, '-3.0417518615722656', '-59.983646392822266'),
(282, 3, '-3.0422260761260986', '-59.98381805419922'),
(283, 3, '-3.042388677597046', '-59.983665466308594'),
(284, 3, '-3.0424458980560303', '-59.983619689941406'),
(285, 3, '-3.0423150062561035', '-59.98366165161133'),
(286, 3, '-3.041869640350342', '-59.98361587524414'),
(287, 3, '-3.0416600704193115', '-59.983619689941406'),
(288, 3, '-3.0420308113098145', '-59.9836540222168'),
(289, 3, '-3.042229413986206', '-59.98365783691406'),
(290, 3, '-3.042388677597046', '-59.983665466308594'),
(291, 3, '-3.0422990322113037', '-59.983619689941406'),
(292, 3, '-3.042015790939331', '-59.98361587524414'),
(293, 3, '-3.042116165161133', '-59.983612060546875'),
(294, 3, '-3.0423877239227295', '-59.98362731933594'),
(295, 3, '-3.0424506664276123', '-59.98365783691406'),
(296, 3, '-3.0424458980560303', '-59.983619689941406'),
(297, 3, '-3.0424458980560303', '-59.983619689941406'),
(298, 3, '-3.0424458980560303', '-59.983619689941406'),
(299, 3, '-3.0421295166015625', '-59.983665466308594'),
(300, 3, '-3.0414860248565674', '-59.98360824584961'),
(301, 3, '-3.0422260761260986', '-59.98381805419922'),
(302, 3, '-3.041375906487415', '-59.98364634811878'),
(303, 3, '-3.0412774085998535', '-59.98359298706055'),
(304, 3, '-3.0411672592163086', '-59.9836540222168'),
(305, 3, '-3.0414860248565674', '-59.98360824584961'),
(306, 3, '-3.0997868783621625', '-59.98401649296283'),
(307, 3, '-3.099560228503759', '-59.99535385519266'),
(308, 3, '-3.042455313668467', '-59.9836279079318'),
(309, 3, '-3.042310953140259', '-59.98361587524414'),
(310, 3, '-3.0424593313110453', '-59.98362723737955'),
(311, 3, '-3.0422232151031494', '-59.98366165161133'),
(312, 3, '-3.041543960571289', '-59.98360824584961'),
(313, 3, '-3.0419819355010986', '-59.98361587524414'),
(314, 3, '-3.041775703430176', '-59.9836540222168'),
(315, 3, '-3.0419819355010986', '-59.98361587524414'),
(316, 3, '-3.041543960571289', '-59.98360824584961'),
(317, 3, '-3.0422232151031494', '-59.98366165161133'),
(318, 3, '-3.04245924949646', '-59.98362731933594'),
(319, 3, '-3.041775703430176', '-59.9836540222168'),
(320, 3, '-3.04245924949646', '-59.98362731933594'),
(321, 3, '-3.04245924949646', '-59.98362731933594'),
(322, 3, '-3.0419819355010986', '-59.98361587524414'),
(323, 3, '-3.041543960571289', '-59.98360824584961'),
(324, 3, '-3.0422232151031494', '-59.98366165161133'),
(325, 3, '-3.041775703430176', '-59.9836540222168'),
(326, 3, '-3.0420618057250977', '-59.98361587524414'),
(327, 3, '-3.041720390319824', '-59.98360824584961'),
(328, 3, '-3.0424671173095703', '-59.98362731933594'),
(329, 3, '-3.0422701835632324', '-59.98366165161133'),
(330, 3, '-3.041902780532837', '-59.98365020751953'),
(331, 3, '-3.0415256023406982', '-59.98365020751953'),
(332, 3, '-3.0414042472839355', '-59.98360824584961'),
(333, 3, '-3.0412774085998535', '-59.98363494873047'),
(334, 3, '-3.0411009788513184', '-59.98359680175781'),
(335, 3, '-3.041505813598633', '-59.983699798583984'),
(336, 3, '-3.0409042835235596', '-59.983585357666016'),
(337, 3, '-3.0407795906066895', '-59.98361587524414'),
(338, 3, '-3.0406463146209717', '-59.983768463134766'),
(339, 3, '-3.039985179901123', '-59.984004974365234'),
(340, 3, '-3.041720390319824', '-59.98360824584961'),
(341, 3, '-3.0420618057250977', '-59.98361587524414'),
(342, 3, '-3.0424671173095703', '-59.98362731933594'),
(343, 3, '-3.041902780532837', '-59.98365020751953'),
(344, 3, '-3.0422701835632324', '-59.98366165161133'),
(345, 3, '-3.0422072242104043', '-59.98355984687805'),
(346, 3, '-3.0417847633361816', '-59.983558654785156'),
(347, 3, '-3.041559934616089', '-59.98357009887695'),
(348, 3, '-3.042428493499756', '-59.98359680175781');

-- --------------------------------------------------------

--
-- Table structure for table `ocorrencias`
--

CREATE TABLE `ocorrencias` (
`idOcorrencia` int(11) NOT NULL,
  `latitude` varchar(20) NOT NULL,
  `longitude` varchar(20) NOT NULL,
  `NNotificacoes` int(11) NOT NULL,
  `situacao` varchar(20) NOT NULL,
  `dataCriacao` varchar(40) NOT NULL,
  `status` varchar(10) NOT NULL,
  `ruaPoste` varchar(50) NOT NULL
) ENGINE=InnoDB AUTO_INCREMENT=96 DEFAULT CHARSET=latin1;

-- --------------------------------------------------------

--
-- Table structure for table `ocorrencia_poste`
--

CREATE TABLE `ocorrencia_poste` (
`idOcorrenciaPoste` int(11) NOT NULL,
  `rua` varchar(50) NOT NULL,
  `descricao` varchar(250) NOT NULL,
  `dt_criacao` varchar(30) NOT NULL
) ENGINE=InnoDB AUTO_INCREMENT=17 DEFAULT CHARSET=latin1;

--
-- Dumping data for table `ocorrencia_poste`
--

INSERT INTO `ocorrencia_poste` (`idOcorrenciaPoste`, `rua`, `descricao`, `dt_criacao`) VALUES
(1, 'Av. São Jorge', 'falta um poste ao lado da ponte....\n', '28-08-2014-02:52:25'),
(2, 'humberto de campos ', 'falta um poste em frente ao mercadinho natal\n', '28-08-2014-02:54:47'),
(3, 'timbiras ', 'porto de casa', '28-08-2014-05:38:00'),
(4, 'italiana', 'aqui en casa', '28-08-2014-05:38:47'),
(5, 'rua pintassilgo ', 'falta um poste aqui.', '28-08-2014-08:38:13'),
(6, 'hahhhaahah', 'hahahaaa', '28-08-2014-08:39:05'),
(7, 'ggggggg', 'jjjjjjjjjjj', '28-08-2014-08:42:24'),
(8, 'jjjjjjjj', 'kkkkkkkk', '28-08-2014-08:52:23'),
(9, 'azevedo', 'aqui', '04-09-2014-10:54:52'),
(10, 'hjjjjjj', 'absbbsbs', '04-09-2014-13:11:09'),
(11, 'rua Zé catitosa', 'perto da ufam', '04-09-2014-15:07:20'),
(12, 'rua Zé catitosa', 'perto da ufam', '04-09-2014-15:07:32'),
(13, 'rua Zé catitosa', 'perto da ufam', '04-09-2014-15:07:38'),
(14, 'rua Zé catitosa', 'perto da ufam', '04-09-2014-15:07:45'),
(15, 'gnr ', 'haja', '04-09-2014-15:08:28'),
(16, 'gnr ', 'haja', '04-09-2014-15:08:32');

-- --------------------------------------------------------

--
-- Table structure for table `postes`
--

CREATE TABLE `postes` (
`idPoste` int(11) NOT NULL,
  `latitude` varchar(20) NOT NULL,
  `longitude` varchar(20) NOT NULL,
  `statusDia` varchar(5) NOT NULL,
  `statusNoite` varchar(5) NOT NULL
) ENGINE=InnoDB AUTO_INCREMENT=305 DEFAULT CHARSET=latin1;

--
-- Dumping data for table `postes`
--

INSERT INTO `postes` (`idPoste`, `latitude`, `longitude`, `statusDia`, `statusNoite`) VALUES
(300, '-3.04242852938424', '-59.98359739780426', 'OFF', 'ON'),
(301, '-3.0422072242104043', '-59.98355984687805', 'OFF', 'ON');

-- --------------------------------------------------------

--
-- Table structure for table `usuarios`
--

CREATE TABLE `usuarios` (
`idUsuario` int(4) NOT NULL,
  `nome` varchar(30) NOT NULL,
  `email` varchar(50) NOT NULL,
  `codManausE` varchar(30) NOT NULL,
  `senha` varchar(15) NOT NULL
) ENGINE=InnoDB AUTO_INCREMENT=4 DEFAULT CHARSET=latin1;

--
-- Dumping data for table `usuarios`
--

INSERT INTO `usuarios` (`idUsuario`, `nome`, `email`, `codManausE`, `senha`) VALUES
(1, 'Nathan', 'nathan@email.com', '1234567890', '12345'),
(2, 'Erickson Alves', 'alves2@gmail.com\n', '12345', '12'),
(3, 'yan brandão', 'y.b@gmail.com', '667', '123');

--
-- Indexes for dumped tables
--

--
-- Indexes for table `gamifications`
--
ALTER TABLE `gamifications`
 ADD PRIMARY KEY (`idGame`);

--
-- Indexes for table `ocorrencias`
--
ALTER TABLE `ocorrencias`
 ADD PRIMARY KEY (`idOcorrencia`);

--
-- Indexes for table `ocorrencia_poste`
--
ALTER TABLE `ocorrencia_poste`
 ADD PRIMARY KEY (`idOcorrenciaPoste`);

--
-- Indexes for table `postes`
--
ALTER TABLE `postes`
 ADD PRIMARY KEY (`idPoste`);

--
-- Indexes for table `usuarios`
--
ALTER TABLE `usuarios`
 ADD PRIMARY KEY (`idUsuario`);

--
-- AUTO_INCREMENT for dumped tables
--

--
-- AUTO_INCREMENT for table `gamifications`
--
ALTER TABLE `gamifications`
MODIFY `idGame` int(11) NOT NULL AUTO_INCREMENT,AUTO_INCREMENT=349;
--
-- AUTO_INCREMENT for table `ocorrencias`
--
ALTER TABLE `ocorrencias`
MODIFY `idOcorrencia` int(11) NOT NULL AUTO_INCREMENT,AUTO_INCREMENT=96;
--
-- AUTO_INCREMENT for table `ocorrencia_poste`
--
ALTER TABLE `ocorrencia_poste`
MODIFY `idOcorrenciaPoste` int(11) NOT NULL AUTO_INCREMENT,AUTO_INCREMENT=17;
--
-- AUTO_INCREMENT for table `postes`
--
ALTER TABLE `postes`
MODIFY `idPoste` int(11) NOT NULL AUTO_INCREMENT,AUTO_INCREMENT=305;
--
-- AUTO_INCREMENT for table `usuarios`
--
ALTER TABLE `usuarios`
MODIFY `idUsuario` int(4) NOT NULL AUTO_INCREMENT,AUTO_INCREMENT=4;
/*!40101 SET CHARACTER_SET_CLIENT=@OLD_CHARACTER_SET_CLIENT */;
/*!40101 SET CHARACTER_SET_RESULTS=@OLD_CHARACTER_SET_RESULTS */;
/*!40101 SET COLLATION_CONNECTION=@OLD_COLLATION_CONNECTION */;
